#,Company,Official website,Contact-form URL,Relevant roster niches,Personalized opening sentence,Submission status,Submission date and time (UTC),Confirmation message or reference,Public contact email,Notes or blocker
1,Repulse Media,https://www.repulsemedia.com/,https://www.repulsemedia.com/apply (Brand / Agency tab),"Viral challenges, Roblox/family gaming, Minecraft/GTA gaming, comedy skits, slime/satisfying, Twitch IRL (per homepage)","I came across your roster and noticed that you represent creators across gaming (Roblox, Minecraft, GTA), family gaming, comedy skits, viral challenges and satisfying content, including talent producing substantial long-form video content.",Submitted,2026-09-25 04:05,"""[ APPLICATION · RECEIVED ] Application received. We'll review it and get back to you within 24–48 hours.""",None found,Submitted at user's request after credibility concerns were flagged (site says 'EST. 2026' but claims $280M generated in 2026; unverifiable testimonials; dead Brands/Contact links). Used the Brand / Agency tab with the phone (+447444924141) and website (clearaxis.org) the user supplied. The site's footer says 'By applying you agree to be contacted by the Repulse team'. No public email found.
2,GG Talent Group,https://www.ggtalentgroup.com/,https://www.ggtalentgroup.com/contact,"Gaming (Twitch streamers/YouTubers), VTubers, speedrunning, esports pro players, ASMR","I came across your roster and noticed that you represent creators across gaming, Twitch streaming, VTubing, speedrunning and ASMR, including talent producing substantial long-form video content.",Submitted,2026-09-25 00:58,"Redirected to /thank-you: ""THANK YOU — We will be in touch soon.""",info@ggtalentgroup.com,'Where did you find us?' (required) set to Other. The page has a Webflow reCAPTCHA placeholder flagged as disabled / invalid key. No challenge was shown and nothing was bypassed. Roster is mostly Twitch-first; long-form comes mainly from stream VODs and YouTube uploads.
3,Ritual Network,https://www.ritualnetwork.com/,None suitable (only 'Join Ritual' creator/content-owner sign-up form on /content-owners; /contact returns 404),"Gaming, music, sport, ASMR (site verticals)",—,Email only,,,team@ritualnetwork.com,"Describes itself as a 'Leading MCN' and runs YouTube Content ID monetisation for rights holders, which overlaps with content monetisation (possible competitor / existing capability). No business contact form. Email not sent."
4,MVE Management,https://www.mvemanagement.com/,https://www.mvemanagement.com/contact,"Comedy, sports, entertainment, broadcast, digital, scripted (roster categories; full roster is request-only). Case studies include YouTubers George Clarke and Nigel Ng (Uncle Roger)","I came across your roster and noticed that you represent creators across comedy, sports, entertainment, broadcast and digital, including talent producing substantial long-form video content.",Submitted,2026-09-25 00:57,"""THANK YOU — We've received your message and will be in touch shortly.""",hello@mvemanagement.com,"Enquiry type selected: Brand Partnership. No subject field, so the subject line was placed at the top of the message. Cookie banner: optional cookies rejected."
5,Connect Management,https://connectmgt.com/,https://connectmgt.com/management/enquiry (Brand tab),"Form categories: fashion & beauty, family & couples, food, lifestyle, travel, music, comedy, entertainment, sports & fitness (social-first / Instagram-TikTok-led)",—,Blocked,,,info@connectmgt.com (also +44 208 103 9952 listed),Blocked — missing required information: Brand enquiry form requires Phone Number and Project Budget. The Talent path also requires a phone number and is a creator form. Not submitted.
6,Creator Economy Group,https://creatoreconomygroup.co.uk/,https://creatoreconomygroup.co.uk/brands/ (brief form),"No public roster. Site lists gaming, esports, entertainment, comedy, lifestyle, tech and sport categories, and offers platform deals and licensing for creators","I came across Creator Economy Group and noticed your focus on helping creators build revenue and careers beyond any one platform, including platform deals and licensing.",Submitted,2026-09-25 00:58,"""brief received ... ok > thanks, kayla. we have got it.""",contact@creatoreconomygroup.co.uk,"Used the brand/commercial brief form: campaign type 'Talent partnership', budget 'Prefer to discuss', phone left blank (optional). Opening sentence adapted because there is no public roster to confirm niches."
7,Colossal Influence,https://www.colossalinfluence.com/,Not reachable,Not verified (site inaccessible),—,Blocked,,,None found,The site returns HTTP 401 and a 'Security Verification' bot challenge ('Verification could not be completed'). Not bypassed. Needs a manual visit in a normal browser.
8,GLTCH Group,https://gltchgroup.media/,"None (single-page site, mailto links only)","Gaming & esports (Minecraft, Fortnite, FIFA, mobile gaming YouTube/Twitch creators)",—,Email only,,,contact@gltchgroup.com (general); talent@gltchgroup.com ('Get in touch'),Full-service gaming & esports marketing agency with talent management. No web form. Email not sent.
9,Rootbeat,https://rootbeat.com/,None (email only; 'contact us on info@rootbeat.com and request the brochure'),"Dutch gaming and tech YouTubers/Twitch streamers (e.g. Yarasky, SerpentGameplay), plus a cooking creator",—,Email only,,,info@rootbeat.com,Amsterdam-based publisher and management agency. Strong long-form gaming fit. No web form. Email not sent.
10,LunyOne (LunyOne Creators),https://creators.lunyone.de/,"https://creators.lunyone.de/#contact (Fluent Forms conversational form: Company/Influencer, Name, Email, Company, Message)","DACH gaming & entertainment: Let’s Plays, competitive gameplay, variety streaming. Long-form YouTube and Twitch focus","I came across your roster and noticed that you represent creators across gaming and entertainment in the DACH region (Let’s Plays, competitive gameplay and variety streaming on YouTube and Twitch), including talent producing substantial long-form video content.",Blocked,,,None found,"The site sits behind SiteGround bot verification (/.well-known/sgcaptcha/). After the first load, the verification kept the form from rendering, so it could not be completed. Not submitted and not bypassed. High-priority fit (long-form gaming): complete manually with the prepared message and choose 'Company'."
11,Ace Creators,https://ace-creators.com/,https://ace-creators.com/contact,"Gaming, pop culture, comedy, movie & TV, tech, Twitch, podcasts. Dedicated 'YouTube creators' roster described as long-form gaming, comedy and pop culture","I came across your roster and noticed that you represent creators across gaming, pop culture, comedy, movie and TV, tech and podcasts, including talent producing substantial long-form video content.",Submitted,2026-09-25 01:12,"""MESSAGE SENT — We'll be in touch. Thanks for reaching out. The team will reply from partnerships@ace-creators.com shortly.""",partnerships@ace-creators.com,"Sydney-based. No subject field, so the subject line was placed at the top of the message."
12,Click Media (CLICK),https://www.clickmedia.group/,https://www.clickmedia.group/ ('Start the Conversation' HubSpot form; /contact returns 404),"Gaming & esports (Fortnite, Twitch/YouTube creators), pop culture. Part of the GameSquare ecosystem (FaZe Clan, Code Red, TubeBuddy, Stream Hatchet)",—,Blocked,,,info@clickmedia.group,Blocked — missing required information: the HubSpot form requires Location and Website URL (no verified ClearAxis website or location was provided). Not submitted.
13,InterTalent,https://www.intertalentgroup.com/,None for business enquiries (the only form is the scripted-actors representation application),"Creators, comedy (incl. digital-first comedy), gaming, sport, music, broadcast/entertainment, scripted",—,Email only,,,brands@intertalentgroup.com (brand partnership enquiries); switchboard +44 (0)20 7462 9060,London. Business enquiries go by email. Email not sent.
14,M+C Saatchi Talent,https://www.mcsaatchitalent.com/,https://www.mcsaatchitalent.com/contact/?modal=yes,"Broadcast, social/digital-first talent, football content creators, entertainment, podcasts, publishing, live","I came across your roster and noticed that you represent creators across broadcast, social/digital-first talent, football content and entertainment, including talent producing substantial long-form video content.",Blocked,Attempted 2026-09-25 04:05 (site error),"Contact Form 7 error: ""There was an error trying to send your message. Please try again later.""",None found on site,"Retried with the phone number the user supplied (+447444924141), agency set to 'Social'. The site returned a send error, so delivery is not confirmed. Not retried, to avoid a duplicate. Try again manually later, or email."
15,Independent Talent Digital,https://www.independenttalent.com/digital/,https://www.independenttalent.com/digital/ ('Independent Talent Digital Contact Form'),"Social media / influencer creators, with commercial partnerships, content commissioning, books, tours and licensing (roster link on site returns 404)",I came across Independent Talent Digital and noticed that you represent creators across the digital space and already partner talent with commissioners and platforms.,Ready for CAPTCHA,,,louise@intalentdigital.com (appears in page source),"Gravity Forms with a reCAPTCHA v2 checkbox. To finish manually, fill Name, Email, Subject 'Distribution opportunity for Independent Talent Digital’s creator roster' (under the 90-character limit), Message = default message with the opener above, then tick the CAPTCHA. Phone is optional."
16,Sharper Group,https://www.sharpergrp.com/,https://www.sharpergrp.com/talent-contact (brands/agencies form),"Entertainment, football, family and lifestyle YouTube/social creators (e.g. Joe Tasker, Mikey Cobban, Ashley Glazebrook)","I came across your roster and noticed that you represent creators across entertainment, football, family and lifestyle, including talent producing substantial long-form video content.",Ready for CAPTCHA,Attempted 2026-09-25 01:19 (not accepted),"Site response: ""Captcha validation failed. Please try again.""",info@sharpergrp.com,"Squarespace form with invisible reCAPTCHA Enterprise, which rejected the automated submission. The enquiry was NOT received. Not retried. Complete manually in a normal browser: First/Last name, Email, Subject, Message; leave the newsletter box unticked."
17,Shine Talent Group,https://shinetalentgroup.com/,https://shinetalentgroup.com/contact,"Fashion, beauty, health & wellness, lifestyle, entertainment, gaming (300+ creators across US, Canada and Europe)",—,Blocked,,,hello@shinetalentgroup.com,Blocked — missing required information: the contact form requires a 'Social Handle' and no verified ClearAxis handle was provided. Reason options: Management/Partnerships/Other. Not submitted.
18,Ours Agency,https://www.oursagency.co.uk/,https://www.oursagency.co.uk/ ('Let's Connect' form),"Fashion, beauty, lifestyle, education, comedy, automotive, travel, entertainment, family (25 UK creators listed)","I came across your roster and noticed that you represent UK digital creators across fashion, beauty, lifestyle, education, comedy, travel and family content.",Submitted,2026-09-25 01:25,"""Message sent successfully! Thank you for reaching out. We'll review your message and get back to you within 24 hours.""",hello@oursagency.co.uk,"Roster is mainly social-first (short-form), so the long-form claim was left out of the opener. Lower-priority fit."
19,HN MGMT,https://hnmgmt.co.uk/,—,Not verified,—,Website unavailable,,,None found,Connection reset by peer on both hnmgmt.co.uk and www.hnmgmt.co.uk (browser: 'upstream request failed'). Could be down or blocking this network. Retry manually.
20,Nevaro Talent,https://nevarotalent.com/,https://nevarotalent.com/contact.html,"UK social creators and creator duos (e.g. Jack Joseph, Nan's Favourites, Lloyd & Matt). Niches not stated on site","I came across your roster and noticed that you represent a range of UK creators and creator duos with large, established social audiences.",Submitted,2026-09-25 01:24,Formspree AJAX form reset after sending (the script resets only when the response is OK). The 3-second 'Thank you! We'll get back to you within 24 hours.' banner had closed before capture.,contact@nevarotalent.com,"'I am a...' set to 'Other enquiry'. Phone left blank (optional). Roster looks mainly short-form, so the long-form claim was left out."
21,Breakout Media Group,https://breakoutmediagroup.com/,https://breakoutmediagroup.com/brands ('Partner with Us'),One featured creator: a variety Twitch streamer with 1.7K followers,—,Skipped — unsuitable,,,hello@breakoutmediagroup.com,"Site shows literal 'Placeholder testimonial' text with 'Creator name — 4.2M subscribers', a single 1.7K-follower featured creator and a free 'content breakdown' lead magnet. No established long-form roster; looks early-stage or unfinished."
22,BOSS MGMT,https://www.bossmgmtgrp.com/,https://www.bossmgmtgrp.com/contact,"Digital talent across YouTube, TikTok and Instagram (BOSS Talent division); also tour liaison, digital and media divisions. No individual roster published","I came across BOSS MGMT and noticed that you partner with digital talent across YouTube, TikTok and Instagram.",Ready for CAPTCHA,,,contact@bossmgmtgrp.com (+1 323 577 7110 listed),"Webflow form protected by Cloudflare Turnstile. Not submitted. The 'Project description' field is single-line with a 256-character limit, so use this shortened message: ""Kayla, ClearAxis: we distribute and monetize creators' existing long-form catalogues on Roku, Fire TV, Samsung TV Plus, Pluto TV and Tubi (no new content needed). Open to a roster-level partnership? Approval not guaranteed."" Phone and Website URL are optional; leave blank."
23,The Comedy Influence,https://www.thecomedyinfluence.com/,https://www.thecomedyinfluence.com/contact,"Comedy and entertainment creators (UK's only comedy-focused creator agency; e.g. Ski Comedy, Emmanuel Sonubi, Durk & Ski)","I came across your roster and noticed that you represent creators across comedy and entertainment, including talent producing substantial long-form video content.",Ready for CAPTCHA,,,info@thecomedyinfluence.com (+44 (0)20 3137 2927),"Webflow form with a reCAPTCHA v2 checkbox. To finish manually, set Type of Enquiry to 'Brand Partnerships' and answer 'How did you hear about us?' (required, no 'Other' option) with whichever option is actually true."
24,Spires Agency,https://www.spiresagency.com/,https://www.spiresagency.com/about-us (Squarespace email + message form),"European gaming creators: VALORANT, Fortnite, Rocket League, Escape from Tarkov, Rust, DayZ, chess, variety streaming, IRL/travel","I came across your roster and noticed that you represent creators across European gaming (VALORANT, Fortnite, Rocket League, Escape from Tarkov, Rust and more), variety streaming and IRL/travel, including talent producing substantial long-form video content.",Ready for CAPTCHA,Attempted 2026-09-25 01:30 (not accepted),"Site response: ""Captcha validation failed. Please try again.""",hello@spiresagency.com,"Invisible reCAPTCHA rejected the automated submission, so the enquiry was NOT received. Not retried. Complete manually (Email + Message only). Strong gaming fit."
25,AMG,https://www.amg.gg/,Not reachable,Not verified (site inaccessible),—,Blocked,,,None found,The site redirects to a SiteGround 'Robot Challenge Screen' (/.well-known/sgcaptcha/). Not bypassed. Needs a manual visit.
26,ThirdRail Avenue,https://www.thirdrailavenue.com/,https://www.thirdrailavenue.com/ ('Work With Us' form),"Gaming, mainly Clash Royale creators on YouTube and Twitch (6 exclusive creators, e.g. Ian77, Ryley)","I came across your roster and noticed that you exclusively represent gaming creators on YouTube and Twitch, with a strong focus on Clash Royale.",Submitted,2026-09-25 01:29,"Redirected to /thank-you: ""Message received — Thanks for reaching out. Our team will be in touch shortly.""",None found,'I am a...' set to 'Something else'. Small roster (6 creators); the site labels its case studies as illustrative examples.
27,The Gold Arena,https://www.thegoldarena.com/,https://www.thegoldarena.com/ ('Let's Chat' Squarespace form),"Sports and gaming: gaming streamers, marathon runners, fitness coaches, sports commentators (300+ creators across US, Canada and UK; site explicitly mentions long-form YouTube)","I came across your roster and noticed that you represent creators across sports and gaming, from gaming streamers to marathon runners, fitness coaches and sports commentators, including talent producing substantial long-form video content.",Ready for CAPTCHA,Attempted 2026-09-25 01:30 (not accepted),"Site response: ""Captcha validation failed. Please try again.""",Hello@TheGoldArena.com (cc Drew@TheGoldStudios.com on the roster-request mailto),"Invisible reCAPTCHA rejected the automated submission, so the enquiry was NOT received. Not retried. Complete manually (First/Last name, Email, Subject, Message). Part of The Gold Studios Group."
28,Watchable Talent,https://www.watchabletalent.com/,https://www.watchabletalent.com/ ('Send a brief'),"Beauty, fitness, family, food, travel, construction & trade (UGC / on-camera talent)",—,Skipped — unsuitable,,,None captured,"New agency still 'building our launch roster'. Focus is UGC, paid social, training videos and AI influencers, with no established long-form creators or back catalogues."
29,Verda Talent,https://www.verdatalent.com/,'Get in touch' (not used),Independent YouTube production & creators (full roster by request only),—,Possible competitor,,,None found,Possible competitor/existing capability: offers its own 'Distribution' service ('Let your content speak to the world': localization teams in high-performing countries and multi-platform distribution) alongside YouTube production and talent management. Not submitted automatically.
30,Reilly Talent,https://www.reillytalent.com/,"https://www.reillytalent.com/#contact (brand form: name, email, company, message)","Food, beauty, fashion, comedy, gaming, dance, fitness, travel, football, culture, unscripted, entertainment (11 creators, e.g. Tom Sharpe with 1.34M YouTube subscribers)","I came across your roster and noticed that you represent creators across food, comedy, gaming, entertainment, travel, football, beauty and fitness, including creators with sizeable YouTube audiences.",Submitted,2026-09-25 01:34,"""SENT ✓ — Thanks, your message was sent. We will be in touch within a day.""",taylor@reillytalent.com,Sydney / Los Angeles. Roster is mainly TikTok-first.
31,Neuralle,https://neuralle.com/,https://neuralle.com/book-meeting,"Comedy, entertainment & lifestyle, food & home/DIY (Australian creators and entertainers, e.g. Troy Kinne, Macfarlane Bros); also touring",—,Ready for CAPTCHA,,,jordan@neuralle.com (brand queries); talent@neuralle.com; (03) 9084 7432,"The 'Book a chat' form requires Phone (now available: +447444924141) and carries reCAPTCHA / Turnstile, so it needs manual completion. Choose 'Other' for help needed and 'Entertainment & Media' for industry (or whichever option fits best)."
32,Shift Agency (shift.),https://shiftagency.com.au/,https://shiftagency.com.au/contact (opens a mailto: link; no server-side form),"Creators, broadcasters, entertainers, podcasters, authors and media personalities across entertainment and lifestyle","I came across your roster and noticed that you represent creators, broadcasters, entertainers and podcasters across entertainment and lifestyle, including talent producing long-form content.",Email only,,,hello@shiftagency.com.au; ashleigh@shiftagency.com.au (the form's mailto target),"The 'Send message' button only runs submitContactForm(), which builds a mailto: to ashleigh@shiftagency.com.au. Nothing was transmitted and no email was sent. Gold Coast, AU."
33,Frankie+Jet,https://www.frankieandjet.com/,https://www.frankieandjet.com/contact,"Australian creators, experts, entrepreneurs, podcasters and media personalities","I came across frankie+jet and noticed that you represent Australian creators, experts and podcasters building long-term careers.",Ready for CAPTCHA,,,lee@frankieandjet.com,"Squarespace form with invisible reCAPTCHA Enterprise, which rejects automated submissions on this platform (confirmed on other Squarespace sites). Not attempted. Complete manually and choose 'I’m looking for: Something Else'."
34,ICON Management,https://www.iconmanagement.com.au/,None for business enquiries (only a new-face/model application form),Primarily a model and actor agency with a smaller creators division and an incubator program,—,Email only,,,"info@iconmanagement.com.au (model bookings, quotes & business enquiries)","Model-agency focus, so lower fit for long-form catalogues. Email not sent."
35,Vive Management,https://www.vivemanagement.com.au/,https://www.vivemanagement.com.au/contact,"Australian lifestyle, fitness and wellness influencers (e.g. Ashy Bines); mainly an influencer marketing and social media agency","I came across your roster and noticed that you represent Australian creators across lifestyle, fitness and wellness.",Ready for CAPTCHA,,,contact@vivemanagement.com.au (0429 145 007),"Squarespace form with invisible reCAPTCHA Enterprise. Not attempted. Fields: First/Last name, Email, Social links (optional), Subject, Message. Lower-priority fit (social-first roster)."
36,Vault MGMT,https://vault-mgmt.com.au/,https://vault-mgmt.com.au/contact/,"Handpicked Australian social-media creators and talent (e.g. Youngn Lipz, Gnomeboys). Niches not labelled on site",I came across your roster and noticed that you represent a handpicked roster of Australian creators and talent across social media.,Submitted,2026-09-25 01:39,"""Thanks - we'll be in touch.""",info@vault-mgmt.com.au,"Elementor form. 'Brand/Social Links' is optional and was left blank. Social-first roster, so the long-form claim was left out."
37,RedZero Agency,https://www.redzero.agency/,'Get Started' / 'Apply' (not used),Streamers and short-form creators (25+ creators),—,Possible competitor,,,None found,"Possible competitor/existing capability: sells 'Multi-Platform Syndication' of creator content (TikTok, Reels, Shorts, Snapchat Spotlight), plus clips and monetisation services. Also more of a creator-services provider than a talent agency. Not submitted."
38,By Them,https://bythem.co/,None (emails only),"Fashion, beauty and lifestyle creators plus mixed-media and visual artists (AU/US/UK/EU)",—,Email only,,,lauren@bythem.co (Founder); info@bythem.co (listed for representation),"No web form. Social-first fashion/beauty roster, so low long-form fit. Email not sent."
39,The Sunshine Agency,https://www.thesunshineagency.au/,https://www.thesunshineagency.au/contact (Squarespace),"Athletes, creators and personalities (e.g. ultra-endurance athletes); boutique management plus marketing and education","I came across your roster and noticed that you represent a curated roster of athletes, creators and personalities.",Ready for CAPTCHA,,,emma@thesunshineagency.net (+61 451 003 662),"The contact page is Squarespace with invisible reCAPTCHA Enterprise. Not attempted. The /talent brief form only opens a mailto: to emma@, so it is not a real submission. Leave the newsletter box unticked; 'What services': General Inquiry. Lower-priority fit."
40,Dopamine Studios,https://www.dopaminestudios.co.uk/,https://www.dopaminestudios.co.uk/contact,"Fashion, beauty, lifestyle, cars, family, food & drink broadcasting (e.g. wine expert and broadcaster Helen McGinn)","I came across your roster and noticed that you represent creators and broadcasters across fashion, beauty, lifestyle, family, cars and food & drink, with IP that extends beyond social.",Ready for CAPTCHA,,,hello@dopaminestudios.co.uk,"Duda form (Name, Email, Message) with a reCAPTCHA v2 checkbox. Not submitted."
41,MUSE,https://musetheagency.com/,None (contact page lists emails only),"UGC creators, digital talent and models (200+ talents across 30+ countries; Manchester)",—,Email only,,,info@musetheagency.com (general),"No web form. UGC/model focus, so low long-form fit. Email not sent."
42,Reach Talent Agency,https://www.reachtalentagency.com/,https://www.reachtalentagency.com/contact-us,Small UK creator roster (6 listed); mainly an influencer marketing / UGC agency. Niches not stated,I came across your roster and noticed that alongside your influencer marketing work you manage a roster of UK content creators.,Ready for CAPTCHA,Attempted 2026-09-25 01:43 (stopped at verification),Wix showed a 'Verification — Please confirm you're human' reCAPTCHA checkbox after Get Started,mailbox@reachtalentagency.com,"CAPTCHA not solved, so the enquiry was NOT sent. Complete manually (Name, Email, Message)."
43,Bright Management,https://brightmgmt.co/,None suitable (the only form is a creator representation application),Creators and personalities with 100K to 6M+ followers (London / Austin),—,Email only,,,hello@brightmgmt.co (brands); talent@brightmgmt.co,"The contact form requires TikTok/Instagram handles and audience-demographic uploads (creator application), so it was not used. Email not sent."
44,Hamlet Management,https://www.hamletmanagement.com/,https://www.hamletmanagement.com/ ('Send Us A Message' Wix form),"Performers and creators across film, TV, theatre, dance, musical theatre, opera and digital media (actor- and performer-led)","I came across Hamlet Management and noticed that you represent performers and creators across film, television, theatre, dance and digital media.",Ready for CAPTCHA,Attempted 2026-09-25 01:43 (stopped at verification),Wix showed a 'Verification — Please confirm you're human' reCAPTCHA checkbox,partnerships@hamletmanagement.com; creators@hamletmanagement.com,"CAPTCHA not solved, so the enquiry was NOT sent. Performer-focused roster, so lower long-form fit."
45,HOUSE Talent,https://housetalent.co.uk/,None ('Let's chat' is a mailto: link),"Interiors, lifestyle, hospitality and F&B creators: interior designers, journalists, business owners, artists (e.g. Our Riverside Dream)",—,Email only,,,rea@housetalent.co.uk,No web form. Also runs creator training ('Housekeeping'). Email not sent.
46,The Booking Project,https://www.thebookingproject.com/,None for business (only a creator 'Join us' form with Turnstile),"UK beauty, lifestyle and comedy creators; medical/skincare experts",—,Email only,,,allegra@thebookingproject.com (briefs),"Short-form social roster, so low long-form fit. Email not sent."
47,G Core Talent,https://www.gcoretalent.com/,https://www.gcoretalent.com/#contact-us,"Tabletop & board games, trading card games (Pokémon, MTG, Yu-Gi-Oh!), card collecting, competitive gaming; YouTube integrations","I came across G Core Talent and noticed that you represent creators across tabletop and board games, trading card games (Pokémon, MTG and Yu-Gi-Oh!), card collecting and competitive gaming, including YouTube creators.",Submitted,2026-09-27 00:57,Carrd form cleared after submit (the success notice is brief and wasn't captured),hello@gcoretalent.com,Phone left blank (optional). Subject field used.
48,4CAST Gaming,https://www.4castmg.co.uk/4cast-gaming,https://www.4castmg.co.uk/contact,European gaming creators and streamers; YouTube series (Gamer Cribs),"I came across 4CAST Gaming and noticed that you represent some of Europe’s gaming creators and streamers, and already develop YouTube series such as Gamer Cribs.",Submitted,2026-09-27 00:57,"""Thankyou! Your submission has been received!""",contact@4castmg.co.uk,Department: 4CAST GAMING; I am: Other. Phone +447444924141 (user-supplied).
49,Soapz Talent,https://soapztalent.com/,None (email only),"6 active creators, ~1M combined reach",—,Email only,,,soapztalent@gmail.com,"Very small roster, so low priority. Email not sent."
50,Zummi Digital,https://zummi.gg/,None (brand contact is a mailto link),"65+ streamers/creators (Twitch, Kick, YouTube); private roster; Brazil-registered",—,Email only,,,partnerships@zummi.gg,Email not sent.
51,GSM Talent HUB,https://gsmtalenthub.co.uk/,'Apply as Creator' only,Unverified roster,—,Skipped — unsuitable,,,None found,"Red flags: charges creators a £20 upfront fee; offers 'VPN, IP protection, owner access' and Meta/YouTube payout handling for Sierra Leone creators; roster figures unverifiable. It also handles creator monetisation itself."
52,CVKW Studios,https://cvkwproductions.com/,https://cvkwproductions.com/ ('Work with us'),"Creator strategy, talent management, YouTube Originals, IRL streaming, podcasts",—,Skipped — unsuitable,,,None found,"Not contacted: the site says its 'network spans HLD, Upload, and Mockingbird', and Upload Agency is on the do-not-contact list. Held for your decision."
53,Axia,https://axia.agency/,https://axia.agency/contact?type=brand,"Gaming, lifestyle, food, beauty, tech, creativity (100+ talent, e.g. Nihachu)","I came across your roster and noticed that you represent creators across gaming, lifestyle, food, beauty, tech and creativity, including talent with sizeable YouTube audiences.",Submitted,2026-09-27 00:57,"""Message Sent — We'll be in touch.""",partnerships@axia.agency,Brand tab used. Los Angeles.
54,Palette Media,https://palettemedia.com/,https://palettemedia.com/general-contact,"Social-first creators (TikTok-led, founded 2020)",I came across Palette Media and noticed that you represent a roster of social-first creators who have built large audiences since 2020.,Submitted,2026-09-27 01:01,"""Thank you for your message! We will be in touch shortly.""",None found,"General inquiries form. Short-form roster, so the long-form claim was left out."
55,The Digital Dept.,https://thedigitaldept.com/,https://form.typeform.com/to/yIGmFwcu (Brand inquiries),"350+ managed talent: lifestyle, fitness, beauty, family, gaming, fashion, comedy, sports, food, travel",—,Blocked,,,hello@thedigitaldept.com,Blocked — missing required information: the Typeform requires the company's Instagram URL (and title). No verified ClearAxis Instagram.
56,ADDITION⁺ Talent Management,https://addition-llc.com/,https://addition-llc.com/contact (button form with reCAPTCHA),Creator talent management since 2013; roster on Beacons,—,Email only,,,Talent@addition-llc.com,The contact page loads reCAPTCHA. Email not sent.
57,Semaphore,https://semaphorebrands.com/,https://semaphorebrands.com/contact-us/,"Kids/family and gaming YouTube (e.g. MeganPlays, Papa Jake, Trinity and Beyond)","I came across Semaphore and noticed that you work with creators across kids & family, gaming, toys and lifestyle, including talent producing substantial long-form video content.",Ready for CAPTCHA,,,Text: (949) 433-0808,Gravity Forms with a reCAPTCHA v2 checkbox. Phone is required (use +447444924141). The form is creator-oriented; put the message in 'What’s up?'. Strong family/kids long-form fit.
58,Creators Agency,https://creatorsagency.co/,https://creatorsagency.co/contact (I'm a Brand),"Finance, business and knowledge YouTube creators (long-form)","I came across Creators Agency and noticed that you work with finance, business and knowledge creators on YouTube, including talent producing substantial long-form video content.",Submitted,2026-09-27 01:01,"Form accepted and redirected to their cal.com strategy-call booking page, as the site says (no call booked)",team@creatorsagency.co,Primarily a sponsorship agency; strong long-form fit.
59,Night,https://www.night.co/,https://www.night.co/ ('Get in touch' modal),"Top creators, musicians and entrepreneurs (e.g. MrBeast); The Roost podcast network","I came across Night and noticed that you represent some of the biggest creators, musicians and entrepreneurs on the internet and run The Roost podcast network, including talent producing substantial long-form video content.",Submitted,2026-09-27 01:05,"""Thank you! Your request has been submitted successfully.""",None found,"Fields: Company, Email, Reason."
60,BavaMedia,https://bavamedia.com/,https://bavamedia.com/contact,"Gaming creators; in-game activations in Fortnite, Roblox, Minecraft; YouTube/TikTok","I came across BavaMedia and noticed that you provide concierge talent management for gaming creators, with campaigns across Fortnite, Roblox and Minecraft and creator content on YouTube and TikTok.",Submitted,2026-09-27 01:11,"Redirected to /thank-you: ""We have received your submission and our team will contact you shortly.""",None found,Website field: https://clearaxis.org (user-supplied).
61,Insanity,https://insanity.com/,https://insanity.com/contact (General),"TV & radio talent, comedians, podcasters, content creators; produces audio/visual podcasts","I came across Insanity and noticed that you represent broadcasters, comedians, podcasters and content creators, and already produce audio/visual podcasts with your talent.",Submitted,2026-09-27 01:21,"""MESSAGE SENT — Your message has been sent successfully, we aim to respond within 24 hours.""",hello@insanity.com; brands@insanity.com,"Ticked the required data-processing consent box (enquiry handling only, not marketing)."
62,YMU,https://www.ymugroup.com/,https://www.ymugroup.com/contact/,"Entertainment, gaming, sport, music and literary talent: hosts, broadcasters, creators, podcasters","(Shortened message, 500-character limit) “We help established creators distribute and monetize their existing long-form content… starting with a few creators from your entertainment and gaming rosters.”",Submitted,2026-09-27 01:22,"Redirected to /thank-you: ""Thank you! We've received your enquiry and will be in touch within 48 hours.""",partnerships@ymugroup.com; enquiries@ymugroup.com,"Reason: Service enquiry. The message was cut to 449 characters and keeps the meaning, including 'approval isn’t guaranteed'."
63,Digital Brand Architects (DBA),https://www.thedigitalbrandarchitects.com/,https://www.thedigitalbrandarchitects.com/contact,"Beauty, fashion and lifestyle creators (e.g. Patrick Starrr, Olivia Ponton)","I came across Digital Brand Architects and noticed that you represent creators across beauty, fashion and lifestyle, including established YouTube creators.",Submitted,2026-09-27 01:32,"""Thanks for contacting us! We will get in touch with you shortly.""",None found,Honeypot field left empty; not subscribed to newsletter.
64,Underscore Talent,https://www.underscoretalent.com/,https://www.underscoretalent.com/contact,"Creators, personalities (incl. kids & family); full roster on request",—,Possible competitor,,,info@underscoretalent.com (per public listings),"Possible competitor/existing capability: lists 'content distribution' among its management services, and was founded by Studio71's founders. Not submitted."
65,MonRae Management,https://www.monraemanagement.com/,https://www.monraemanagement.com/contact,"UK YouTubers, gamers, comedians, podcasters (e.g. DanTDM, TommyInnit)","I came across your roster and noticed that you represent YouTubers, gamers, comedians and podcasters, including talent producing substantial long-form video content.",Ready for CAPTCHA,,,hello@monraemanagement.com,"Squarespace (invisible reCAPTCHA). Not attempted. Top long-form gaming fit, so do this one by hand."
66,Select Management Group,https://www.select.co/,https://www.select.co/contact-us,"Top YouTube, TikTok and Instagram creators; film & TV productions","I came across Select and noticed that you represent top-ranking creators across YouTube, TikTok and Instagram, including talent producing substantial long-form video content.",Ready for CAPTCHA,,,None found,Squarespace (invisible reCAPTCHA). Not attempted.
67,HLD Talent,https://hldtalent.com/,https://hldtalent.com/ (footer form),"Digital, broadcast and podcast talent; sports, streamers, music, food","I came across your roster and noticed that you represent digital, broadcast and podcast talent, including streamers and sports creators.",Ready for CAPTCHA,,,info@hldtalent.com,Formidable form with reCAPTCHA. Phone required (use +447444924141) plus a consent box.
68,Elusive Agency,https://www.elusive-agency.com/,https://www.elusive-agency.com/for-brands ('Contact us' modal),"Gaming: Roblox, Minecraft, Rust, TF2, DayZ, GMod creators",—,Ready for CAPTCHA,,,None found,"Cloudflare Turnstile keeps Send disabled. The form has no message field (name, email, Brand/Talent, company). Strong long-form gaming fit."
69,Loaded,https://www.loaded.gg/,None (Contact is a mailto link),"Major Twitch/YouTube gaming talent (e.g. shroud, Disguised Toast, DrLupo)",—,Email only,,,hello@loaded.gg,The Brands & Developers link goes to Open World (its marketing arm). Email not sent.
70,Digital Fox Talent,https://digitalfoxtalent.com/,—,"YouTube creators, podcasters and publishers (film/TV, comics, gaming, tech)",—,Possible competitor,,,None captured,"Possible competitor/existing capability: offers 'platform monetization' and content distribution (MSN, Spotify Video, NewsBreak). Not submitted."
71,Ampverse,https://ampverse.com/,https://ampverse.com/contact-us-get-in-touch,Southeast Asia gaming & entertainment creator network (Pulse),—,Ready for CAPTCHA,,,None found,"Webflow reCAPTCHA keeps Submit disabled. No message field (Name, Company, Email, dropdowns: Other / Business Partnership)."
72,Viral Nation,https://www.viralnation.com/,https://www.viralnation.com/contact-us,900+ creators across many verticals; also AI/brand-safety products,—,Ready for CAPTCHA,,,None found,reCAPTCHA Enterprise. Large marketing-led business.
73,Whalar,https://www.whalar.com/,https://www.whalar.com/contact,Creator management (incl. former Gleam Futures talent) and creator marketing,—,Ready for CAPTCHA,,,hello@whalar.com,Cloudflare Turnstile. 'How can we help': General Inquiries.
74,28th Ave Management,https://www.28thave.com/,None,LA digital creators (gaming/esports partnerships),—,Email only,,,info@28thave.com,Single-page site. Email not sent.
75,The Influencer Marketing Factory,https://theinfluencermarketingfactory.com/,https://theinfluencermarketingfactory.com/contact-us/,"Brand-side influencer marketing (TikTok, YouTube, Instagram)",—,Blocked,,,None found,Blocked — missing required information: requires a marketing budget and campaign goal (brand-buyer form).
76,Long Haul Management (now THE·TEAM),https://www.longhaulmgmt.com/,—,Tier-1 YouTube creators (e.g. MatPat),—,Website unavailable,,,None found,The connection was refused from this environment. Retry manually.
77,TalentX Entertainment,https://www.talentx.com/,—,YouTube/TikTok/Twitch creators,—,Website unavailable,,,None found,'upstream request failed' from this environment.
78,Moth Management,,—,,—,Already contacted,,,,"Contacted by Kayla directly by email (company and individual employees), per user on 27 Sep 2026. Do not contact again via forms or email."
79,Ruthless Talent,,—,,—,Already contacted,,,,"Contacted by Kayla directly by email (company and individual employees), per user on 27 Sep 2026. Do not contact again via forms or email."
80,Sixteenth,,—,,—,Already contacted,,,,"Contacted by Kayla directly by email (company and individual employees), per user on 27 Sep 2026. Do not contact again via forms or email."
81,MGMT.exe,,—,,—,Already contacted,,,,"Contacted by Kayla directly by email (company and individual employees), per user on 27 Sep 2026. Do not contact again via forms or email."
82,Upload Agency,,—,,—,Already contacted,,,,"Contacted by Kayla directly by email (company and individual employees), per user on 27 Sep 2026. Do not contact again via forms or email."
83,Retro MGMT,,—,,—,Already contacted,,,,"Contacted by Kayla directly by email (company and individual employees), per user on 27 Sep 2026. Do not contact again via forms or email."
84,Dulcedo,,—,,—,Already contacted,,,,"Contacted by Kayla directly by email (company and individual employees), per user on 27 Sep 2026. Do not contact again via forms or email."
85,Mana Talent Group,,—,,—,Already contacted,,,,"Contacted by Kayla directly by email (company and individual employees), per user on 27 Sep 2026. Do not contact again via forms or email."
86,Apex Creator Management,https://www.apexcreatormanagement.com/,https://www.apexcreatormanagement.com/#contact (General),YouTube and TikTok creators,I came across Apex and noticed that you represent YouTube and TikTok creators and help them turn brand interest into signed partnerships.,Submitted,2026-09-27 20:39,"""Message sent""",,
87,3 Cousins Agency,https://www.3cousinsagency.com/,https://www.3cousinsagency.com/contact,"Food, gardening, home, countryside lifestyle creators","I came across 3 Cousins Agency and noticed that you represent creators across food, gardening, home and countryside lifestyle.",Submitted,2026-09-27 20:35,"""Message sent!""",,
88,WeAreTENZING,https://wearetenzing.com/,https://wearetenzing.com/contact/ (brand form),"NZ creators, athletes, speakers (family/food)","I came across WeAreTENZING and noticed that you represent New Zealand creators, athletes and speakers, including family and food creators such as HowToDadNZ and ManCanCook.",Submitted,2026-09-27 20:36,"""Thank you for your message. It has been sent.""",,
89,86 Talent,https://86talent.com/,https://86talent.com/work-with-us/influencer-campaign-management/,"UK fashion, beauty, lifestyle creators","I came across 86 Talent and noticed that you represent a diverse roster of UK content creators across fashion, beauty and lifestyle.",Submitted,2026-09-27 20:39,"""Thank you for your message…""",,
90,MCR Agency,https://www.mcr-agency.com/,https://www.mcr-agency.com/contacto/ (type: otro),"Gaming creators — Spain, LATAM, Brazil","I came across MCR and noticed that you represent 80 exclusive gaming creators across Spain, Latin America and Brazil.",Submitted,2026-09-27 20:40,Redirected to ?sent=1,,
91,NewGen,https://thenewgen.com/,https://thenewgen.com/contact/send-a-brief/,Gaming and family creators,I came across NewGen and noticed your creator work across gaming and family creators.,Submitted,2026-09-27 20:47,Redirected to /thank-you,,
92,Azur Influence,https://azurinfluence.fr/,https://azurinfluence.fr/#contact,South-of-France creators,I came across Azur and noticed that you represent a select roster of content creators from the south of France.,Submitted,2026-09-27 20:52,"Button changed to ""Merci !""",,
93,One Shot Agency,https://www.oneshotgroup.it/,https://www.oneshotgroup.it/one-shot-agency,30+ leading Italian creators,I came across One Shot Agency and noticed that you exclusively represent a roster of 30+ of Italy’s leading creators.,Submitted,2026-09-27 20:57,"""Thank you! Your submission has been received!""",,
94,WebRangers Talent,https://webrangerstalent.com/,https://webrangerstalent.com/#brief,Indian digital creators + TV/film talent,I came across WebRangers Talent and noticed that you represent Indian digital creators alongside TV and film talent.,Submitted,2026-09-27 21:02,"""BRIEF RECEIVED""",,"Service ""Not sure, let's talk""; budget option ""Flexible / based on plan"" (no figure given)."
95,Ivy Talent Co,https://www.ivytalentco.com.au/,https://www.ivytalentco.com.au/get-in-touch,"AU food, interiors, fashion, fitness, lifestyle","I came across Ivy Talent Co and noticed that you represent Australian creators across food, home interiors, fashion, health & fitness and lifestyle.",Submitted,2026-09-27 21:08,"""Thank you!""",,
96,The Millar Agency,https://www.themillaragency.com/,https://www.themillaragency.com/contact,"Broadcast, podcast and digital talent","I came across The Millar Agency and noticed that you represent broadcast, podcast and digital talent across brand building, licensing and live.",Submitted,2026-09-27 21:10,"""Thank you!""",,Phone +447444924141 supplied.
97,Tall Poppy MGMT,https://www.tallpoppymgmt.com/,https://www.tallpoppymgmt.com/contact (General Enquiry),Australian creators and creatives,I came across Tall Poppy MGMT and noticed that you represent a diverse roster of Australian creators and creatives.,Submitted,2026-09-27 21:10,"""Thank you! We will get back to you within the week""",,
98,Sharp Talent,https://www.sharptalent.co.uk/,https://www.sharptalent.co.uk/contact,Boutique UK creators,I came across Sharp Talent and noticed that you represent a boutique roster of UK influencers and digital content creators.,Submitted,2026-09-27 21:13,"""Thank you!""",,"Enquiry type ""Other""; creator social fields ""N/A""."
99,MGMT Australia,https://www.mgmt.com.au/,https://www.mgmt.com.au/contact,"AU fashion, beauty, lifestyle, travel creators","I came across MGMT and noticed that you represent Australian digital creators across fashion, beauty, lifestyle and travel.",Submitted,2026-09-27 21:16,"""THANK YOU! YOUR SUBMISSION HAS BEEN RECEIVED!""",,
100,Level Up,https://www.levelupagency.eu/,https://www.levelupagency.eu/ (contact form),"Streamers, broadcast talent, esports players","I came across Level Up and noticed that you represent streamers, broadcast talent and professional players across gaming and esports.",Submitted — unconfirmed,2026-09-27 20:35,"Posted to form-to-email.php; blank page returned, no explicit confirmation",,Probably received; do not resend.
101,Trinity Influencer Management,https://www.trinitymanagement.co.za/,https://www.trinitymanagement.co.za/#contact (Media Partner),"South African creators, nano to macro tiers","I came across Trinity Influencer Management and noticed that you represent South African creators across nano to macro tiers, from lifestyle and comedy to gaming and podcasts.",Submitted — unconfirmed,2026-09-27 21:25,"Button showed ""SENDING MESSAGE...""; browser closed before server reply",info@trinitymanagement.co.za,Mostly Instagram-led roster. Do not resend.
102,Outshine Talent,https://www.outshinetalent.com/,https://forms.gle/3YMLwydM9zveSkaf6 (Partnership Inquiry Google Form),"Creators incl. YouTubers Claire Marshall, Kirbie Johnson",I came across Outshine Talent and noticed that your roster includes YouTube creators such as Claire Marshall and Kirbie Johnson alongside your wider creator portfolio.,Submitted,2026-09-27 21:27,"""Thank you for your inquiry to Outshine Talent.""",,Website clearaxis.org and phone supplied.
103,Up North Management,https://www.upnorthmgmt.co/,https://www.upnorthmgmt.co/contact,"YouTube sports, lifestyle, gaming creators","I came across Up North Management and noticed that you manage YouTube creators across sports, lifestyle and gaming, including Kenny Beecham, NoisyButters and Formula.",Submitted,2026-09-27 21:34,"""Thank you!"" (SaveFormSubmission 204)",,"""Which client"" answered: general partnership enquiry."
104,Right Click Culture,https://rightclick.gg/,https://rightclick.gg/contact,"Gaming/pop-culture creators, streamers, YouTubers, musicians","I came across Right Click Culture and noticed that Right Click Management represents gaming and pop-culture creators, from major streamers to YouTube creators, alongside independent musicians.",Submitted,2026-09-27 21:34,"""Thank you! Your submission has been received!""",,
105,Warp Media,https://warpmedia.com.br/,https://warpmedia.com.br/contato/,YouTube-focused Brazilian creator agency,"I came across Warp Media and noticed that you’re a YouTube-focused agency managing the careers of Brazilian creators, with editing, design and channel-optimisation support.",Submitted,2026-09-27 21:41,"CF7 mail_sent: ""Sua mensagem foi enviada. Obrigado!""",contato@warpmedia.com.br,Phone supplied.
106,UPFAME,https://upfame.de/,https://upfame.de/ (Anfrage form),"50+ German creators across YouTube, TikTok, Instagram","I came across UPFAME and noticed that you manage 50+ German content creators across YouTube, TikTok and Instagram, with talent management and brand partnerships under one roof.",Submitted,2026-09-27 21:43,"API: ""Email sent successfully""",,
107,Socially Powerful,https://sociallypowerful.com/,https://sociallypowerful.com/contact (brand form),Global influencer/creator marketing,—,Blocked — missing required information,,"""Estimated Budget cannot be empty""",tellmemore@sociallypowerful.com,Mandatory budget + work-type fields; no verified values. Nothing sent.
108,Johnson & Laird,https://johnsonlaird.com/,https://johnsonlaird.com/contact,NZ personalities and creators,—,Blocked — missing required information,,Phone field rejects non-NZ numbers,,Not sent.
109,Confluencr,https://confluencr.com/,Brand form (step 2),Indian creators,—,Blocked — missing required information,,Step 2 requires monthly marketing spend,hello@confluencr.com,Not sent.
110,Purple Goat Agency,https://www.purplegoatagency.com/,https://www.purplegoatagency.com/contact-us/,Disabled and neurodivergent creators,—,Blocked — missing required information,,Investment range mandatory,info@purplegoatagency.com,Not sent.
111,Think Big Creators,https://www.thinkbigcreators.com/,https://www.thinkbigcreators.com/contact,YouTube creator management (sponsorships),—,Skipped — unsuitable form,,Only a creator application / brand sponsor form,,ClearAxis is neither a creator nor a sponsoring brand.
112,Talent Resources,https://www.talentresources.com/,https://www.talentresources.com/contact-us,Celebrity & influencer talent,—,Ready for CAPTCHA,,reCAPTCHA verification popup on submit,,
113,L3tcraft,https://www.l3tcraft.com/,https://www.l3tcraft.com/en/contact/,"Spanish YouTubers, streamers, gamers",—,Ready for CAPTCHA,,Invisible reCAPTCHA,,
114,INSIGHT GG,https://ins.gg/,https://ins.gg/ (contact form at bottom),German gaming / YouTube / Twitch creators,—,Ready for CAPTCHA,,reCAPTCHA,,
115,MaxConnectors,https://www.maxconnectors.com.au/,Framer form (did not submit),75+ Australian digital creators,—,Email only,,,,Framer form submit never fired. Email not sent.
116,Marvel The Agency,https://www.marveltheagency.ie/,"https://www.marveltheagency.ie/contact (details only, no message field)",Irish influencer talent,—,Email only,,,alan@marveltheagency.ie,Form has no message field. Email not sent.
117,RE6L (Reelsix),https://www.re6l.com/,None,"YouTube creators: PewDiePie, KickThePJ, Marzia",—,Email only,,,hey@re6l.com,Email not sent.
118,Peanut Butter & Jelly,https://pbnj.gg/,None,"Gaming YouTubers (EN/DE) e.g. GoodTimesWithScar, BdoubleO100",—,Email only,,,collab@pbnj.gg,Email not sent.
119,INSTINCT3,https://instinct3.de/,None,"German gaming YouTubers (HandOfBlood, Sterzik)",—,Email only,,,business@instinct3.de,Email not sent.
120,Fixated,https://fixated.com/,https://fixated.com/contact,Creator management + clipping/amplification network,—,Possible competitor,,,,"Operates content studio, clipping network and a US video property. Not submitted."
121,LATINFLUENCE,https://www.latinfluence.com/,https://www.latinfluence.com/contacto/,LATAM creators,—,Skipped — unsuitable,,,info@latinfluence.com,Site shows injected casino spam (likely compromised); also reCAPTCHA.
122,elev8 Agency,https://elev8agency.com/,https://elev8agency.com/,,—,Blocked,,Server firewall (ModSecurity) rejected request,,Not retried.
123,Summer,https://thisissummer.co/,https://thisissummer.co/contact/,,—,Blocked,,"""Form token is invalid"" twice",,Not retried.
